-- phpMyAdmin SQL Dump
-- version 5.2.0
-- https://www.phpmyadmin.net/
--
-- ホスト: 127.0.0.1
-- 生成日時: 2022-12-28 12:39:33
-- サーバのバージョン： 10.4.27-MariaDB
-- PHP のバージョン: 8.1.12

SET SQL_MODE = "NO_AUTO_VALUE_ON_ZERO";
START TRANSACTION;
SET time_zone = "+00:00";


/*!40101 SET @OLD_CHARACTER_SET_CLIENT=@@CHARACTER_SET_CLIENT */;
/*!40101 SET @OLD_CHARACTER_SET_RESULTS=@@CHARACTER_SET_RESULTS */;
/*!40101 SET @OLD_COLLATION_CONNECTION=@@COLLATION_CONNECTION */;
/*!40101 SET NAMES utf8mb4 */;

--
-- データベース: `shop`
--

-- --------------------------------------------------------

--
-- テーブルの構造 `customer`
--

CREATE TABLE `customer` (
  `id` int(11) NOT NULL,
  `name` varchar(100) NOT NULL,
  `address` varchar(200) NOT NULL,
  `login` varchar(100) NOT NULL,
  `password` varchar(100) NOT NULL
) ENGINE=InnoDB DEFAULT CHARSET=utf8 COLLATE=utf8_general_ci;

--
-- テーブルのデータのダンプ `customer`
--

INSERT INTO `customer` (`id`, `name`, `address`, `login`, `password`) VALUES
(1, '東京太郎', '東京都新宿区', 'toukyou', 'toukyou'),
(2, '大阪くいだおれ', '大阪府食い倒れ地区', 'oosaka', 'oosaka'),
(3, '広島カープ', '広島県カープ町', 'hiroshima', 'hiroshima'),
(4, '前田弘樹', '福岡県福岡市のどこか', 'maeda', 'maeda'),
(5, '日本太郎', '日本国福岡の中央', 'nippon', 'nippon');

-- --------------------------------------------------------

--
-- テーブルの構造 `favorite`
--

CREATE TABLE `favorite` (
  `customer_id` int(11) NOT NULL,
  `product_id` int(11) NOT NULL
) ENGINE=InnoDB DEFAULT CHARSET=utf8 COLLATE=utf8_general_ci;

--
-- テーブルのデータのダンプ `favorite`
--

INSERT INTO `favorite` (`customer_id`, `product_id`) VALUES
(4, 4),
(4, 6),
(4, 7),
(5, 6),
(5, 7);

-- --------------------------------------------------------

--
-- テーブルの構造 `product`
--

CREATE TABLE `product` (
  `id` int(11) NOT NULL,
  `name` varchar(200) NOT NULL,
  `price` int(11) NOT NULL
) ENGINE=InnoDB DEFAULT CHARSET=utf8 COLLATE=utf8_general_ci;

--
-- テーブルのデータのダンプ `product`
--

INSERT INTO `product` (`id`, `name`, `price`) VALUES
(1, '釣り竿', 7000),
(2, 'リール', 5000),
(3, 'えぎ', 800),
(4, '糸', 220),
(5, '重り', 250),
(6, 'バケツ', 600),
(7, 'プライヤー', 2100);

-- --------------------------------------------------------

--
-- テーブルの構造 `purchase`
--

CREATE TABLE `purchase` (
  `id` int(11) NOT NULL,
  `customer_id` int(11) NOT NULL
) ENGINE=InnoDB DEFAULT CHARSET=utf8 COLLATE=utf8_general_ci;

--
-- テーブルのデータのダンプ `purchase`
--

INSERT INTO `purchase` (`id`, `customer_id`) VALUES
(1, 4),
(2, 4),
(3, 5);

-- --------------------------------------------------------

--
-- テーブルの構造 `purchase_detail`
--

CREATE TABLE `purchase_detail` (
  `purchase_id` int(11) NOT NULL,
  `product_id` int(11) NOT NULL,
  `count` int(11) NOT NULL
) ENGINE=InnoDB DEFAULT CHARSET=utf8 COLLATE=utf8_general_ci;

--
-- テーブルのデータのダンプ `purchase_detail`
--

INSERT INTO `purchase_detail` (`purchase_id`, `product_id`, `count`) VALUES
(1, 1, 1),
(1, 2, 1),
(1, 4, 1),
(2, 1, 1),
(2, 5, 1),
(3, 1, 1),
(3, 3, 1),
(3, 6, 8),
(3, 7, 1);

--
-- ダンプしたテーブルのインデックス
--

--
-- テーブルのインデックス `customer`
--
ALTER TABLE `customer`
  ADD PRIMARY KEY (`id`),
  ADD UNIQUE KEY `login` (`login`);

--
-- テーブルのインデックス `favorite`
--
ALTER TABLE `favorite`
  ADD PRIMARY KEY (`customer_id`,`product_id`),
  ADD KEY `product_id` (`product_id`);

--
-- テーブルのインデックス `product`
--
ALTER TABLE `product`
  ADD PRIMARY KEY (`id`);

--
-- テーブルのインデックス `purchase`
--
ALTER TABLE `purchase`
  ADD PRIMARY KEY (`id`),
  ADD KEY `customer_id` (`customer_id`);

--
-- テーブルのインデックス `purchase_detail`
--
ALTER TABLE `purchase_detail`
  ADD PRIMARY KEY (`purchase_id`,`product_id`),
  ADD KEY `product_id` (`product_id`);

--
-- ダンプしたテーブルの AUTO_INCREMENT
--

--
-- テーブルの AUTO_INCREMENT `customer`
--
ALTER TABLE `customer`
  MODIFY `id` int(11) NOT NULL AUTO_INCREMENT, AUTO_INCREMENT=6;

--
-- テーブルの AUTO_INCREMENT `product`
--
ALTER TABLE `product`
  MODIFY `id` int(11) NOT NULL AUTO_INCREMENT, AUTO_INCREMENT=8;

--
-- ダンプしたテーブルの制約
--

--
-- テーブルの制約 `favorite`
--
ALTER TABLE `favorite`
  ADD CONSTRAINT `favorite_ibfk_1` FOREIGN KEY (`customer_id`) REFERENCES `customer` (`id`),
  ADD CONSTRAINT `favorite_ibfk_2` FOREIGN KEY (`product_id`) REFERENCES `product` (`id`);

--
-- テーブルの制約 `purchase`
--
ALTER TABLE `purchase`
  ADD CONSTRAINT `purchase_ibfk_1` FOREIGN KEY (`customer_id`) REFERENCES `customer` (`id`);

--
-- テーブルの制約 `purchase_detail`
--
ALTER TABLE `purchase_detail`
  ADD CONSTRAINT `purchase_detail_ibfk_1` FOREIGN KEY (`purchase_id`) REFERENCES `purchase` (`id`),
  ADD CONSTRAINT `purchase_detail_ibfk_2` FOREIGN KEY (`product_id`) REFERENCES `product` (`id`);
COMMIT;

/*!40101 SET CHARACTER_SET_CLIENT=@OLD_CHARACTER_SET_CLIENT */;
/*!40101 SET CHARACTER_SET_RESULTS=@OLD_CHARACTER_SET_RESULTS */;
/*!40101 SET COLLATION_CONNECTION=@OLD_COLLATION_CONNECTION */;
